﻿Insert into REFIDEV.BRANCH (ID,SHORT_DESC,LONG_DESC,STATUS_DATE,STAMP_DATE_TIME,STAMP_USER,STATUS_ID) values ('1','Casa Central','Casa Central',null,null,'0','0');

Insert into REFIDEV.RIGHTS (ID,SHORT_DESC,LONG_DESC,STATUS_DATE,STAMP_DATE_TIME,STAMP_USER,STATUS_ID) values ('0','Acceder Refinanciacion',null,null,null,'0','0');
Insert into REFIDEV.RIGHTS (ID,SHORT_DESC,LONG_DESC,STATUS_DATE,STAMP_DATE_TIME,STAMP_USER,STATUS_ID) values ('1','Acceder Parametria',null,null,null,'0','0');
Insert into REFIDEV.RIGHTS (ID,SHORT_DESC,LONG_DESC,STATUS_DATE,STAMP_DATE_TIME,STAMP_USER,STATUS_ID) values ('2','Acceder Tablas',null,null,null,'0','0');
Insert into REFIDEV.RIGHTS (ID,SHORT_DESC,LONG_DESC,STATUS_DATE,STAMP_DATE_TIME,STAMP_USER,STATUS_ID) values ('3','Acceder Permisos',null,null,null,'0','0');

Insert into REFIDEV.ROLES (ID,SHORT_DESC,STATUS_DATE,STAMP_DATE_TIME,STAMP_USER,STATUS_ID) values ('0','Cobranzas',null,null,null,'0');
Insert into REFIDEV.ROLES (ID,SHORT_DESC,STATUS_DATE,STAMP_DATE_TIME,STAMP_USER,STATUS_ID) values ('1','Usuario Final',null,null,null,'0');
Insert into REFIDEV.ROLES (ID,SHORT_DESC,STATUS_DATE,STAMP_DATE_TIME,STAMP_USER,STATUS_ID) values ('2','Administrador',null,null,null,'0');

Insert into REFIDEV.ROLES_RIGHTS (ID,RIGHTS_ID,ROLES_ID) values ('0','0','2');
Insert into REFIDEV.ROLES_RIGHTS (ID,RIGHTS_ID,ROLES_ID) values ('1','0','1');
Insert into REFIDEV.ROLES_RIGHTS (ID,RIGHTS_ID,ROLES_ID) values ('2','1','0');
Insert into REFIDEV.ROLES_RIGHTS (ID,RIGHTS_ID,ROLES_ID) values ('3','1','2');
Insert into REFIDEV.ROLES_RIGHTS (ID,RIGHTS_ID,ROLES_ID) values ('4','2','0');
Insert into REFIDEV.ROLES_RIGHTS (ID,RIGHTS_ID,ROLES_ID) values ('5','2','2');
Insert into REFIDEV.ROLES_RIGHTS (ID,RIGHTS_ID,ROLES_ID) values ('6','3','2');

Insert into REFIDEV.STATUS (ID,MNEMONIC,SHORT_DESC,LONG_DESC,STATUS_ID,STATUS_DATE,STAMP_USER,STAMP_DATE_TIME) values ('0','VIG','Vigente',null,null,null,'0',null);
Insert into REFIDEV.STATUS (ID,MNEMONIC,SHORT_DESC,LONG_DESC,STATUS_ID,STATUS_DATE,STAMP_USER,STAMP_DATE_TIME) values ('1','ELI','Eliminado',null,null,null,'0',null);
Insert into REFIDEV.STATUS (ID,MNEMONIC,SHORT_DESC,LONG_DESC,STATUS_ID,STATUS_DATE,STAMP_USER,STAMP_DATE_TIME) values ('2','DESA','Desabilitado',null,null,null,'0',null);

Insert into REFIDEV."USER" (ID,NAME,LAST_ENTRY_DATE,IS_ACTIVE,CREATION_DATE,IS_LOGGED,STATUS_DATE,STAMP_DATE_TIME,STAMP_USER,ROLES_ID,STATUS_ID,BRANCH_ID) values ('0','acciona1',to_timestamp('16/08/2019 11:02:43,112352000 AM','DD/MM/RRRR HH12:MI:SSXFF AM'),null,null,null,null,null,'0','2','0','1');
Insert into REFIDEV."USER" (ID,NAME,LAST_ENTRY_DATE,IS_ACTIVE,CREATION_DATE,IS_LOGGED,STATUS_DATE,STAMP_DATE_TIME,STAMP_USER,ROLES_ID,STATUS_ID,BRANCH_ID) values ('1','acciona2',null,null,null,null,null,null,'0','1','0','1');
Insert into REFIDEV."USER" (ID,NAME,LAST_ENTRY_DATE,IS_ACTIVE,CREATION_DATE,IS_LOGGED,STATUS_DATE,STAMP_DATE_TIME,STAMP_USER,ROLES_ID,STATUS_ID,BRANCH_ID) values ('2','acciona3',null,null,null,null,null,null,'0','0','0','1');


